<ImportExportXml version="9.2.22054.139" SolutionPackageVersion="9.2" languagecode="1046" generatedBy="CrmLive" xmlns:xsi="http://www.w3.org/2001/XMLSchema-instance">
  <SolutionManifest>
    <UniqueName>PROCODEAluno</UniqueName>
    <LocalizedNames>
      <LocalizedName description="PROCODE Aluno" languagecode="1046" />
    </LocalizedNames>
    <Descriptions />
    <Version>1.0.0.0</Version>
    <Managed>0</Managed>
    <Publisher>
      <UniqueName>VinnyB</UniqueName>
      <LocalizedNames>
        <LocalizedName description="VinnyB" languagecode="1046" />
      </LocalizedNames>
      <Descriptions />
      <EMailAddress xsi:nil="true"></EMailAddress>
      <SupportingWebsiteUrl xsi:nil="true"></SupportingWebsiteUrl>
      <CustomizationPrefix>vnb</CustomizationPrefix>
      <CustomizationOptionValuePrefix>95130</CustomizationOptionValuePrefix>
      <Addresses>
        <Address>
          <AddressNumber>1</AddressNumber>
          <AddressTypeCode>1</AddressTypeCode>
          <City xsi:nil="true"></City>
          <County xsi:nil="true"></County>
          <Country xsi:nil="true"></Country>
          <Fax xsi:nil="true"></Fax>
          <FreightTermsCode xsi:nil="true"></FreightTermsCode>
          <ImportSequenceNumber xsi:nil="true"></ImportSequenceNumber>
          <Latitude xsi:nil="true"></Latitude>
          <Line1 xsi:nil="true"></Line1>
          <Line2 xsi:nil="true"></Line2>
          <Line3 xsi:nil="true"></Line3>
          <Longitude xsi:nil="true"></Longitude>
          <Name xsi:nil="true"></Name>
          <PostalCode xsi:nil="true"></PostalCode>
          <PostOfficeBox xsi:nil="true"></PostOfficeBox>
          <PrimaryContactName xsi:nil="true"></PrimaryContactName>
          <ShippingMethodCode>1</ShippingMethodCode>
          <StateOrProvince xsi:nil="true"></StateOrProvince>
          <Telephone1 xsi:nil="true"></Telephone1>
          <Telephone2 xsi:nil="true"></Telephone2>
          <Telephone3 xsi:nil="true"></Telephone3>
          <TimeZoneRuleVersionNumber xsi:nil="true"></TimeZoneRuleVersionNumber>
          <UPSZone xsi:nil="true"></UPSZone>
          <UTCOffset xsi:nil="true"></UTCOffset>
          <UTCConversionTimeZoneCode xsi:nil="true"></UTCConversionTimeZoneCode>
        </Address>
        <Address>
          <AddressNumber>2</AddressNumber>
          <AddressTypeCode>1</AddressTypeCode>
          <City xsi:nil="true"></City>
          <County xsi:nil="true"></County>
          <Country xsi:nil="true"></Country>
          <Fax xsi:nil="true"></Fax>
          <FreightTermsCode xsi:nil="true"></FreightTermsCode>
          <ImportSequenceNumber xsi:nil="true"></ImportSequenceNumber>
          <Latitude xsi:nil="true"></Latitude>
          <Line1 xsi:nil="true"></Line1>
          <Line2 xsi:nil="true"></Line2>
          <Line3 xsi:nil="true"></Line3>
          <Longitude xsi:nil="true"></Longitude>
          <Name xsi:nil="true"></Name>
          <PostalCode xsi:nil="true"></PostalCode>
          <PostOfficeBox xsi:nil="true"></PostOfficeBox>
          <PrimaryContactName xsi:nil="true"></PrimaryContactName>
          <ShippingMethodCode>1</ShippingMethodCode>
          <StateOrProvince xsi:nil="true"></StateOrProvince>
          <Telephone1 xsi:nil="true"></Telephone1>
          <Telephone2 xsi:nil="true"></Telephone2>
          <Telephone3 xsi:nil="true"></Telephone3>
          <TimeZoneRuleVersionNumber xsi:nil="true"></TimeZoneRuleVersionNumber>
          <UPSZone xsi:nil="true"></UPSZone>
          <UTCOffset xsi:nil="true"></UTCOffset>
          <UTCConversionTimeZoneCode xsi:nil="true"></UTCConversionTimeZoneCode>
        </Address>
      </Addresses>
    </Publisher>
    <RootComponents>
      <RootComponent type="1" schemaName="account" behavior="1" />
      <RootComponent type="1" schemaName="contact" behavior="1" />
      <RootComponent type="1" schemaName="vnb_chave_de_autorizacao" behavior="0" />
      <RootComponent type="1" schemaName="vnb_documento_do_fornecedor" behavior="0" />
      <RootComponent type="1" schemaName="vnb_ingrediente" behavior="0" />
      <RootComponent type="1" schemaName="vnb_lanche" behavior="0" />
      <RootComponent type="1" schemaName="vnb_onboarding_fornecedor" behavior="0" />
      <RootComponent type="1" schemaName="vnb_registro_exemplo" behavior="0" />
      <RootComponent type="1" schemaName="vnb_tipo_fornecedor" behavior="0" />
      <RootComponent type="1" schemaName="vnb_veiculo" behavior="0" />
      <RootComponent type="9" schemaName="vnb_gpl_tipos_de_documento" behavior="0" />
      <RootComponent type="20" id="{5722609c-51e8-ec11-bb3c-002248de5579}" behavior="0" />
      <RootComponent type="29" id="{9467e0c7-960b-408f-8259-7c91ae2814ee}" behavior="0" />
      <RootComponent type="60" id="{586d26f7-c6e5-ec11-bb3c-002248de5579}" behavior="0" />
      <RootComponent type="61" schemaName="vnb_html_pro_code_boas_vindas" behavior="0" />
      <RootComponent type="61" schemaName="vnb_svg_chave_de_autorizacao" behavior="0" />
      <RootComponent type="61" schemaName="vnb_svg_dataverse" behavior="0" />
      <RootComponent type="61" schemaName="vnb_svg_documento_fornecedor" behavior="0" />
      <RootComponent type="61" schemaName="vnb_svg_hamburguer" behavior="0" />
      <RootComponent type="61" schemaName="vnb_svg_ingrediente" behavior="0" />
      <RootComponent type="61" schemaName="vnb_svg_onboarding_fornecedor" behavior="0" />
      <RootComponent type="61" schemaName="vnb_svg_registro_de_exemplo" behavior="0" />
      <RootComponent type="61" schemaName="vnb_svg_tipo_fornecedor" behavior="0" />
      <RootComponent type="61" schemaName="vnb_svg_veiculo" behavior="0" />
      <RootComponent type="62" schemaName="vnb_procode" behavior="0" />
      <RootComponent type="80" schemaName="vnb_procode" behavior="0" />
      <RootComponent type="91" id="{09e3b56a-416f-404d-ac99-9edba0c9ac19}" schemaName="PROCODE.Extends, Version=1.0.0.0, Culture=neutral, PublicKeyToken=c40bb1e1882b31d4" behavior="0" />
      <RootComponent type="92" id="{62e2e863-66e8-ec11-bb3c-002248de51e0}" behavior="0" />
    </RootComponents>
    <MissingDependencies>
      <MissingDependency>
        <Required type="61" schemaName="msdyn_/Images/AppModule_Default_Icon.png" displayName="msdyn_/Images/AppModule_Default_Icon.png" solution="AppModuleWebResources (2.5)" />
        <Dependent type="80" schemaName="vnb_procode" displayName="👨‍💻 PRO-CODE" />
      </MissingDependency>
      <MissingDependency>
        <Required type="66" schemaName="MscrmControls.CardFeedContainer.CardFeedContainer" displayName="MscrmControls.CardFeedContainer.CardFeedContainer" solution="BaseCustomControlsCore (9.0.2205.4005)" />
        <Dependent type="60" displayName="Principal" parentDisplayName="Contato" id="{02d46d93-1516-46ca-931d-05fe8222b457}" />
      </MissingDependency>
      <MissingDependency>
        <Required type="66" schemaName="MscrmControls.CardFeedContainer.CardFeedContainer" displayName="MscrmControls.CardFeedContainer.CardFeedContainer" solution="BaseCustomControlsCore (9.0.2205.4005)" />
        <Dependent type="60" displayName="Principal" parentDisplayName="Conta" id="{58272a4c-7ccf-4d37-a8d6-ca31ea7bf443}" />
      </MissingDependency>
      <MissingDependency>
        <Required type="66" schemaName="MscrmControls.InputMask.InputMaskControl" displayName="MscrmControls.InputMask.InputMaskControl" solution="CustomControlsCore (9.2.22054.000139)" />
        <Dependent type="60" displayName="Principal" parentDisplayName="Conta" id="{58272a4c-7ccf-4d37-a8d6-ca31ea7bf443}" />
      </MissingDependency>
    </MissingDependencies>
  </SolutionManifest>
</ImportExportXml>