
<entities xmlns:xsd="http://www.w3.org/2001/XMLSchema" xmlns:xsi="http://www.w3.org/2001/XMLSchema-instance" timestamp="2022-06-08T21:11:59.1519487Z">
  <entity name="contact" displayname="Contato">
    <records>
      <record id="8bcbdd6b-66e7-ec11-bb3c-002248de5579">
        <field name="fullname" value="Basile, Vinicius" />
        <field name="firstname" value="Vinicius" />
        <field name="contactid" value="8bcbdd6b-66e7-ec11-bb3c-002248de5579" />
      </record>
    </records>
    <m2mrelationships />
  </entity>
  <entity name="vnb_ingrediente" displayname="Ingrediente">
    <records>
      <record id="458db6d8-c7e5-ec11-bb3c-002248de51e0">
        <field name="vnb_st_nome" value="Alface" />
        <field name="vnb_ingredienteid" value="458db6d8-c7e5-ec11-bb3c-002248de51e0" />
      </record>
      <record id="ebae04df-c7e5-ec11-bb3c-002248de51e0">
        <field name="vnb_st_nome" value="Tomate" />
        <field name="vnb_ingredienteid" value="ebae04df-c7e5-ec11-bb3c-002248de51e0" />
      </record>
      <record id="1bd233e5-c7e5-ec11-bb3c-002248de51e0">
        <field name="vnb_st_nome" value="Carne (Patinho)" />
        <field name="vnb_ingredienteid" value="1bd233e5-c7e5-ec11-bb3c-002248de51e0" />
      </record>
      <record id="ae9d4cec-c7e5-ec11-bb3c-002248de51e0">
        <field name="vnb_st_nome" value="Queijo Mozarela" />
        <field name="vnb_ingredienteid" value="ae9d4cec-c7e5-ec11-bb3c-002248de51e0" />
      </record>
      <record id="e2744ef2-c7e5-ec11-bb3c-002248de51e0">
        <field name="vnb_st_nome" value="Carne (Picanha)" />
        <field name="vnb_ingredienteid" value="e2744ef2-c7e5-ec11-bb3c-002248de51e0" />
      </record>
      <record id="7aed80ff-c7e5-ec11-bb3c-002248de51e0">
        <field name="vnb_st_nome" value="Farinha de Trigo" />
        <field name="vnb_ingredienteid" value="7aed80ff-c7e5-ec11-bb3c-002248de51e0" />
      </record>
      <record id="cb888705-c8e5-ec11-bb3c-002248de51e0">
        <field name="vnb_st_nome" value="R&amp;#250;cula" />
        <field name="vnb_ingredienteid" value="cb888705-c8e5-ec11-bb3c-002248de51e0" />
      </record>
      <record id="da1c290c-c8e5-ec11-bb3c-002248de51e0">
        <field name="vnb_st_nome" value="Banha" />
        <field name="vnb_ingredienteid" value="da1c290c-c8e5-ec11-bb3c-002248de51e0" />
      </record>
      <record id="a276651e-c8e5-ec11-bb3c-002248de51e0">
        <field name="vnb_st_nome" value="Palmito Pupunha" />
        <field name="vnb_ingredienteid" value="a276651e-c8e5-ec11-bb3c-002248de51e0" />
      </record>
      <record id="ca76651e-c8e5-ec11-bb3c-002248de51e0">
        <field name="vnb_st_nome" value="Carne (Cordeiro)" />
        <field name="vnb_ingredienteid" value="ca76651e-c8e5-ec11-bb3c-002248de51e0" />
      </record>
      <record id="475e9924-c8e5-ec11-bb3c-002248de51e0">
        <field name="vnb_st_nome" value="Bacon" />
        <field name="vnb_ingredienteid" value="475e9924-c8e5-ec11-bb3c-002248de51e0" />
      </record>
    </records>
    <m2mrelationships />
  </entity>
  <entity name="vnb_lanche" displayname="Lanche">
    <records>
      <record id="63ef241d-6ce7-ec11-bb3c-002248de5579">
        <field name="vnb_dc_energia" value="503.0000000000" />
        <field name="vnb_dc_fibra_alimentar" value="3.0000000000" />
        <field name="vnb_dc_gordura_total" value="26.0000000000" />
        <field name="vnb_dc_gorduras_trans" value="0.6000000000" />
        <field name="vnb_dc_gorduras_saturadas" value="11.2000000000" />
        <field name="vnb_lancheid" value="63ef241d-6ce7-ec11-bb3c-002248de5579" />
        <field name="vnb_st_nome" value="Canvas Burguer" />
        <field name="vnb_dc_proteinas" value="26.0000000000" />
        <field name="vnb_dc_sodio" value="0.9800000000" />
        <field name="statecode" value="0" />
        <field name="statuscode" value="1" />
        <field name="vnb_dc_carboidratos" value="41.0000000000" />
      </record>
      <record id="25a79b82-6ee7-ec11-bb3c-002248de5579">
        <field name="vnb_dc_energia" value="395.0000000000" />
        <field name="vnb_dc_fibra_alimentar" value="3.0000000000" />
        <field name="vnb_dc_gordura_total" value="20.0000000000" />
        <field name="vnb_dc_gorduras_trans" value="0.6000000000" />
        <field name="vnb_dc_gorduras_saturadas" value="5.0000000000" />
        <field name="vnb_lancheid" value="25a79b82-6ee7-ec11-bb3c-002248de5579" />
        <field name="vnb_st_nome" value="BI Chicken" />
        <field name="vnb_dc_proteinas" value="17.0000000000" />
        <field name="vnb_dc_sodio" value="0.7400000000" />
        <field name="statecode" value="0" />
        <field name="statuscode" value="1" />
        <field name="vnb_dc_carboidratos" value="38.0000000000" />
      </record>
      <record id="508caf9c-6ee7-ec11-bb3c-002248de5579">
        <field name="vnb_dc_energia" value="944.0000000000" />
        <field name="vnb_dc_fibra_alimentar" value="4.0000000000" />
        <field name="vnb_dc_gordura_total" value="66.0000000000" />
        <field name="vnb_dc_gorduras_trans" value="1.6000000000" />
        <field name="vnb_dc_gorduras_saturadas" value="25.9000000000" />
        <field name="vnb_lancheid" value="508caf9c-6ee7-ec11-bb3c-002248de5579" />
        <field name="vnb_st_nome" value="Bacon Driven" />
        <field name="vnb_dc_proteinas" value="43.0000000000" />
        <field name="vnb_dc_sodio" value="1.4900000000" />
        <field name="statecode" value="0" />
        <field name="statuscode" value="1" />
        <field name="vnb_dc_carboidratos" value="45.0000000000" />
      </record>
      <record id="7cf5a4ce-6ee7-ec11-bb3c-002248de5579">
        <field name="vnb_dc_energia" value="300.0000000000" />
        <field name="vnb_dc_fibra_alimentar" value="1.0000000000" />
        <field name="vnb_dc_gordura_total" value="20.0000000000" />
        <field name="vnb_dc_gorduras_trans" value="0.0000000000" />
        <field name="vnb_dc_gorduras_saturadas" value="1.9000000000" />
        <field name="vnb_lancheid" value="7cf5a4ce-6ee7-ec11-bb3c-002248de5579" />
        <field name="vnb_st_nome" value="Virtual Vegan" />
        <field name="vnb_dc_proteinas" value="16.0000000000" />
        <field name="vnb_dc_sodio" value="0.5500000000" />
        <field name="statecode" value="1" />
        <field name="statuscode" value="2" />
        <field name="vnb_dc_carboidratos" value="15.0000000000" />
      </record>
    </records>
    <m2mrelationships />
  </entity>
  <entity name="vnb_tipo_fornecedor" displayname="Tipo de Fornecedor">
    <records>
      <record id="8321958a-c7e5-ec11-bb3c-002248de51e0">
        <field name="vnb_st_nome" value="Produtor" />
        <field name="vnb_mpl_documentacao_onboarding" value="[-1,951300000,951300001,951300002,951300004,951300006,951300007,951300008,-1]" />
        <field name="vnb_tipo_fornecedorid" value="8321958a-c7e5-ec11-bb3c-002248de51e0" />
      </record>
      <record id="ab0ffc97-c7e5-ec11-bb3c-002248de51e0">
        <field name="vnb_st_nome" value="Transportador" />
        <field name="vnb_mpl_documentacao_onboarding" value="[-1,951300000,951300001,951300002,951300003,951300005,951300008,-1]" />
        <field name="vnb_tipo_fornecedorid" value="ab0ffc97-c7e5-ec11-bb3c-002248de51e0" />
      </record>
    </records>
    <m2mrelationships />
  </entity>
</entities>